blind_id,case_id,packet,source_pdf,ground_truth,rubric
R072FDB644381,case_001,packets/R072FDB644381.md,../../cases/case_001/source.pdf,../../cases/case_001/ground_truth.json,../../cases/case_001/rubric.json
R098E7DD94421,case_001,packets/R098E7DD94421.md,../../cases/case_001/source.pdf,../../cases/case_001/ground_truth.json,../../cases/case_001/rubric.json
R25C58E4439BE,case_001,packets/R25C58E4439BE.md,../../cases/case_001/source.pdf,../../cases/case_001/ground_truth.json,../../cases/case_001/rubric.json
R3394EE5712F6,case_001,packets/R3394EE5712F6.md,../../cases/case_001/source.pdf,../../cases/case_001/ground_truth.json,../../cases/case_001/rubric.json
R385C4F9FE1D4,case_001,packets/R385C4F9FE1D4.md,../../cases/case_001/source.pdf,../../cases/case_001/ground_truth.json,../../cases/case_001/rubric.json
R388D3DAD4CD0,case_001,packets/R388D3DAD4CD0.md,../../cases/case_001/source.pdf,../../cases/case_001/ground_truth.json,../../cases/case_001/rubric.json
R4F9B88451E83,case_001,packets/R4F9B88451E83.md,../../cases/case_001/source.pdf,../../cases/case_001/ground_truth.json,../../cases/case_001/rubric.json
R6432B83E8149,case_001,packets/R6432B83E8149.md,../../cases/case_001/source.pdf,../../cases/case_001/ground_truth.json,../../cases/case_001/rubric.json
R6AC0FE3120B5,case_001,packets/R6AC0FE3120B5.md,../../cases/case_001/source.pdf,../../cases/case_001/ground_truth.json,../../cases/case_001/rubric.json
R6F3849ED81A3,case_001,packets/R6F3849ED81A3.md,../../cases/case_001/source.pdf,../../cases/case_001/ground_truth.json,../../cases/case_001/rubric.json
R8FD7AD900722,case_001,packets/R8FD7AD900722.md,../../cases/case_001/source.pdf,../../cases/case_001/ground_truth.json,../../cases/case_001/rubric.json
RBAB504122CD2,case_001,packets/RBAB504122CD2.md,../../cases/case_001/source.pdf,../../cases/case_001/ground_truth.json,../../cases/case_001/rubric.json
RBBD349121FA6,case_001,packets/RBBD349121FA6.md,../../cases/case_001/source.pdf,../../cases/case_001/ground_truth.json,../../cases/case_001/rubric.json
RC4703F1175B7,case_001,packets/RC4703F1175B7.md,../../cases/case_001/source.pdf,../../cases/case_001/ground_truth.json,../../cases/case_001/rubric.json
RDC08AE36E29D,case_001,packets/RDC08AE36E29D.md,../../cases/case_001/source.pdf,../../cases/case_001/ground_truth.json,../../cases/case_001/rubric.json
R4551FD3C7DCC,case_002,packets/R4551FD3C7DCC.md,../../cases/case_002/source.pdf,../../cases/case_002/ground_truth.json,../../cases/case_002/rubric.json
R46D0EEE114F6,case_002,packets/R46D0EEE114F6.md,../../cases/case_002/source.pdf,../../cases/case_002/ground_truth.json,../../cases/case_002/rubric.json
R6D17E90CDA34,case_002,packets/R6D17E90CDA34.md,../../cases/case_002/source.pdf,../../cases/case_002/ground_truth.json,../../cases/case_002/rubric.json
R86E4F906E43E,case_002,packets/R86E4F906E43E.md,../../cases/case_002/source.pdf,../../cases/case_002/ground_truth.json,../../cases/case_002/rubric.json
RA81918852B44,case_002,packets/RA81918852B44.md,../../cases/case_002/source.pdf,../../cases/case_002/ground_truth.json,../../cases/case_002/rubric.json
RAF07B910772D,case_002,packets/RAF07B910772D.md,../../cases/case_002/source.pdf,../../cases/case_002/ground_truth.json,../../cases/case_002/rubric.json
RAFD43375734A,case_002,packets/RAFD43375734A.md,../../cases/case_002/source.pdf,../../cases/case_002/ground_truth.json,../../cases/case_002/rubric.json
RB29665305C3A,case_002,packets/RB29665305C3A.md,../../cases/case_002/source.pdf,../../cases/case_002/ground_truth.json,../../cases/case_002/rubric.json
RD3AA91BF4038,case_002,packets/RD3AA91BF4038.md,../../cases/case_002/source.pdf,../../cases/case_002/ground_truth.json,../../cases/case_002/rubric.json
RD8CE80682192,case_002,packets/RD8CE80682192.md,../../cases/case_002/source.pdf,../../cases/case_002/ground_truth.json,../../cases/case_002/rubric.json
RDC2444BB5524,case_002,packets/RDC2444BB5524.md,../../cases/case_002/source.pdf,../../cases/case_002/ground_truth.json,../../cases/case_002/rubric.json
RE0B9B3E41E4F,case_002,packets/RE0B9B3E41E4F.md,../../cases/case_002/source.pdf,../../cases/case_002/ground_truth.json,../../cases/case_002/rubric.json
RE80883F9A52F,case_002,packets/RE80883F9A52F.md,../../cases/case_002/source.pdf,../../cases/case_002/ground_truth.json,../../cases/case_002/rubric.json
REDB56D896321,case_002,packets/REDB56D896321.md,../../cases/case_002/source.pdf,../../cases/case_002/ground_truth.json,../../cases/case_002/rubric.json
RF8753395E711,case_002,packets/RF8753395E711.md,../../cases/case_002/source.pdf,../../cases/case_002/ground_truth.json,../../cases/case_002/rubric.json
R323C2C3EF91A,case_003,packets/R323C2C3EF91A.md,../../cases/case_003/source.pdf,../../cases/case_003/ground_truth.json,../../cases/case_003/rubric.json
R52A7E1E4B89C,case_003,packets/R52A7E1E4B89C.md,../../cases/case_003/source.pdf,../../cases/case_003/ground_truth.json,../../cases/case_003/rubric.json
R639975175279,case_003,packets/R639975175279.md,../../cases/case_003/source.pdf,../../cases/case_003/ground_truth.json,../../cases/case_003/rubric.json
R6986543AF50A,case_003,packets/R6986543AF50A.md,../../cases/case_003/source.pdf,../../cases/case_003/ground_truth.json,../../cases/case_003/rubric.json
R99B46F5B4391,case_003,packets/R99B46F5B4391.md,../../cases/case_003/source.pdf,../../cases/case_003/ground_truth.json,../../cases/case_003/rubric.json
R9F83B5F9B9D2,case_003,packets/R9F83B5F9B9D2.md,../../cases/case_003/source.pdf,../../cases/case_003/ground_truth.json,../../cases/case_003/rubric.json
RB454AAE6976A,case_003,packets/RB454AAE6976A.md,../../cases/case_003/source.pdf,../../cases/case_003/ground_truth.json,../../cases/case_003/rubric.json
RC71D8B3125E4,case_003,packets/RC71D8B3125E4.md,../../cases/case_003/source.pdf,../../cases/case_003/ground_truth.json,../../cases/case_003/rubric.json
RC8328432B135,case_003,packets/RC8328432B135.md,../../cases/case_003/source.pdf,../../cases/case_003/ground_truth.json,../../cases/case_003/rubric.json
RD0D92F20ADB2,case_003,packets/RD0D92F20ADB2.md,../../cases/case_003/source.pdf,../../cases/case_003/ground_truth.json,../../cases/case_003/rubric.json
RD77D6319288E,case_003,packets/RD77D6319288E.md,../../cases/case_003/source.pdf,../../cases/case_003/ground_truth.json,../../cases/case_003/rubric.json
RE347E044DAD8,case_003,packets/RE347E044DAD8.md,../../cases/case_003/source.pdf,../../cases/case_003/ground_truth.json,../../cases/case_003/rubric.json
REB6130786381,case_003,packets/REB6130786381.md,../../cases/case_003/source.pdf,../../cases/case_003/ground_truth.json,../../cases/case_003/rubric.json
RF8C88224E1CF,case_003,packets/RF8C88224E1CF.md,../../cases/case_003/source.pdf,../../cases/case_003/ground_truth.json,../../cases/case_003/rubric.json
RFEAB3880624F,case_003,packets/RFEAB3880624F.md,../../cases/case_003/source.pdf,../../cases/case_003/ground_truth.json,../../cases/case_003/rubric.json
R040C30A564BA,case_004,packets/R040C30A564BA.md,../../cases/case_004/source.pdf,../../cases/case_004/ground_truth.json,../../cases/case_004/rubric.json
R051DDFFDFC3C,case_004,packets/R051DDFFDFC3C.md,../../cases/case_004/source.pdf,../../cases/case_004/ground_truth.json,../../cases/case_004/rubric.json
R09ADED5AB207,case_004,packets/R09ADED5AB207.md,../../cases/case_004/source.pdf,../../cases/case_004/ground_truth.json,../../cases/case_004/rubric.json
R124B92E0265C,case_004,packets/R124B92E0265C.md,../../cases/case_004/source.pdf,../../cases/case_004/ground_truth.json,../../cases/case_004/rubric.json
R3FD8C373E507,case_004,packets/R3FD8C373E507.md,../../cases/case_004/source.pdf,../../cases/case_004/ground_truth.json,../../cases/case_004/rubric.json
R4CCCD9747401,case_004,packets/R4CCCD9747401.md,../../cases/case_004/source.pdf,../../cases/case_004/ground_truth.json,../../cases/case_004/rubric.json
R5871E23E5617,case_004,packets/R5871E23E5617.md,../../cases/case_004/source.pdf,../../cases/case_004/ground_truth.json,../../cases/case_004/rubric.json
R6093F3B0AD08,case_004,packets/R6093F3B0AD08.md,../../cases/case_004/source.pdf,../../cases/case_004/ground_truth.json,../../cases/case_004/rubric.json
R81A050E9831C,case_004,packets/R81A050E9831C.md,../../cases/case_004/source.pdf,../../cases/case_004/ground_truth.json,../../cases/case_004/rubric.json
R8A37967481D6,case_004,packets/R8A37967481D6.md,../../cases/case_004/source.pdf,../../cases/case_004/ground_truth.json,../../cases/case_004/rubric.json
RA132D0CF31DD,case_004,packets/RA132D0CF31DD.md,../../cases/case_004/source.pdf,../../cases/case_004/ground_truth.json,../../cases/case_004/rubric.json
RBBCCA0CF9224,case_004,packets/RBBCCA0CF9224.md,../../cases/case_004/source.pdf,../../cases/case_004/ground_truth.json,../../cases/case_004/rubric.json
RBF390978DB0E,case_004,packets/RBF390978DB0E.md,../../cases/case_004/source.pdf,../../cases/case_004/ground_truth.json,../../cases/case_004/rubric.json
RD1E1D8CCFE3C,case_004,packets/RD1E1D8CCFE3C.md,../../cases/case_004/source.pdf,../../cases/case_004/ground_truth.json,../../cases/case_004/rubric.json
RFE07A62D6404,case_004,packets/RFE07A62D6404.md,../../cases/case_004/source.pdf,../../cases/case_004/ground_truth.json,../../cases/case_004/rubric.json
R59C5140C2C09,case_005,packets/R59C5140C2C09.md,../../cases/case_005/source.pdf,../../cases/case_005/ground_truth.json,../../cases/case_005/rubric.json
R6521CF6AF351,case_005,packets/R6521CF6AF351.md,../../cases/case_005/source.pdf,../../cases/case_005/ground_truth.json,../../cases/case_005/rubric.json
R7CB9A60A5968,case_005,packets/R7CB9A60A5968.md,../../cases/case_005/source.pdf,../../cases/case_005/ground_truth.json,../../cases/case_005/rubric.json
R7E89F1DFFACC,case_005,packets/R7E89F1DFFACC.md,../../cases/case_005/source.pdf,../../cases/case_005/ground_truth.json,../../cases/case_005/rubric.json
R8591F1872042,case_005,packets/R8591F1872042.md,../../cases/case_005/source.pdf,../../cases/case_005/ground_truth.json,../../cases/case_005/rubric.json
R875E786A7415,case_005,packets/R875E786A7415.md,../../cases/case_005/source.pdf,../../cases/case_005/ground_truth.json,../../cases/case_005/rubric.json
R932E5AD8563E,case_005,packets/R932E5AD8563E.md,../../cases/case_005/source.pdf,../../cases/case_005/ground_truth.json,../../cases/case_005/rubric.json
R95C4FB1B6E03,case_005,packets/R95C4FB1B6E03.md,../../cases/case_005/source.pdf,../../cases/case_005/ground_truth.json,../../cases/case_005/rubric.json
R9E317873B46A,case_005,packets/R9E317873B46A.md,../../cases/case_005/source.pdf,../../cases/case_005/ground_truth.json,../../cases/case_005/rubric.json
RB51EE1F8D028,case_005,packets/RB51EE1F8D028.md,../../cases/case_005/source.pdf,../../cases/case_005/ground_truth.json,../../cases/case_005/rubric.json
RBEAD5BED9399,case_005,packets/RBEAD5BED9399.md,../../cases/case_005/source.pdf,../../cases/case_005/ground_truth.json,../../cases/case_005/rubric.json
RCB6322B09994,case_005,packets/RCB6322B09994.md,../../cases/case_005/source.pdf,../../cases/case_005/ground_truth.json,../../cases/case_005/rubric.json
RD5C94C1477ED,case_005,packets/RD5C94C1477ED.md,../../cases/case_005/source.pdf,../../cases/case_005/ground_truth.json,../../cases/case_005/rubric.json
RE5845051C831,case_005,packets/RE5845051C831.md,../../cases/case_005/source.pdf,../../cases/case_005/ground_truth.json,../../cases/case_005/rubric.json
REF94C5C43A06,case_005,packets/REF94C5C43A06.md,../../cases/case_005/source.pdf,../../cases/case_005/ground_truth.json,../../cases/case_005/rubric.json
R12FAA6EBBDE9,case_006,packets/R12FAA6EBBDE9.md,../../cases/case_006/source.pdf,../../cases/case_006/ground_truth.json,../../cases/case_006/rubric.json
R1E497A3DFCDC,case_006,packets/R1E497A3DFCDC.md,../../cases/case_006/source.pdf,../../cases/case_006/ground_truth.json,../../cases/case_006/rubric.json
R1E76E4519FC4,case_006,packets/R1E76E4519FC4.md,../../cases/case_006/source.pdf,../../cases/case_006/ground_truth.json,../../cases/case_006/rubric.json
R337D4C3B7228,case_006,packets/R337D4C3B7228.md,../../cases/case_006/source.pdf,../../cases/case_006/ground_truth.json,../../cases/case_006/rubric.json
R3BEABB2FAE0A,case_006,packets/R3BEABB2FAE0A.md,../../cases/case_006/source.pdf,../../cases/case_006/ground_truth.json,../../cases/case_006/rubric.json
R43FA4E02B2AD,case_006,packets/R43FA4E02B2AD.md,../../cases/case_006/source.pdf,../../cases/case_006/ground_truth.json,../../cases/case_006/rubric.json
R4C44377862E6,case_006,packets/R4C44377862E6.md,../../cases/case_006/source.pdf,../../cases/case_006/ground_truth.json,../../cases/case_006/rubric.json
R56DDF6D2E1BF,case_006,packets/R56DDF6D2E1BF.md,../../cases/case_006/source.pdf,../../cases/case_006/ground_truth.json,../../cases/case_006/rubric.json
R5F682D8C56EF,case_006,packets/R5F682D8C56EF.md,../../cases/case_006/source.pdf,../../cases/case_006/ground_truth.json,../../cases/case_006/rubric.json
R648CC19AFE2C,case_006,packets/R648CC19AFE2C.md,../../cases/case_006/source.pdf,../../cases/case_006/ground_truth.json,../../cases/case_006/rubric.json
R8B60E54D0473,case_006,packets/R8B60E54D0473.md,../../cases/case_006/source.pdf,../../cases/case_006/ground_truth.json,../../cases/case_006/rubric.json
RA3A1C82394CA,case_006,packets/RA3A1C82394CA.md,../../cases/case_006/source.pdf,../../cases/case_006/ground_truth.json,../../cases/case_006/rubric.json
RCE9045E94117,case_006,packets/RCE9045E94117.md,../../cases/case_006/source.pdf,../../cases/case_006/ground_truth.json,../../cases/case_006/rubric.json
RDEAF5F523C26,case_006,packets/RDEAF5F523C26.md,../../cases/case_006/source.pdf,../../cases/case_006/ground_truth.json,../../cases/case_006/rubric.json
RE8E4E9DF35EA,case_006,packets/RE8E4E9DF35EA.md,../../cases/case_006/source.pdf,../../cases/case_006/ground_truth.json,../../cases/case_006/rubric.json
R08D1897C4143,case_007,packets/R08D1897C4143.md,../../cases/case_007/source.pdf,../../cases/case_007/ground_truth.json,../../cases/case_007/rubric.json
R1BDBFC40C8BB,case_007,packets/R1BDBFC40C8BB.md,../../cases/case_007/source.pdf,../../cases/case_007/ground_truth.json,../../cases/case_007/rubric.json
R1FE855115956,case_007,packets/R1FE855115956.md,../../cases/case_007/source.pdf,../../cases/case_007/ground_truth.json,../../cases/case_007/rubric.json
R2D4FB3C454C0,case_007,packets/R2D4FB3C454C0.md,../../cases/case_007/source.pdf,../../cases/case_007/ground_truth.json,../../cases/case_007/rubric.json
R2F06829BCD6B,case_007,packets/R2F06829BCD6B.md,../../cases/case_007/source.pdf,../../cases/case_007/ground_truth.json,../../cases/case_007/rubric.json
R2F7BEDB3235F,case_007,packets/R2F7BEDB3235F.md,../../cases/case_007/source.pdf,../../cases/case_007/ground_truth.json,../../cases/case_007/rubric.json
R334552E50B94,case_007,packets/R334552E50B94.md,../../cases/case_007/source.pdf,../../cases/case_007/ground_truth.json,../../cases/case_007/rubric.json
R3BDBDCA32BC4,case_007,packets/R3BDBDCA32BC4.md,../../cases/case_007/source.pdf,../../cases/case_007/ground_truth.json,../../cases/case_007/rubric.json
R426E52648332,case_007,packets/R426E52648332.md,../../cases/case_007/source.pdf,../../cases/case_007/ground_truth.json,../../cases/case_007/rubric.json
R5D00040FF054,case_007,packets/R5D00040FF054.md,../../cases/case_007/source.pdf,../../cases/case_007/ground_truth.json,../../cases/case_007/rubric.json
R9603D5A78AF6,case_007,packets/R9603D5A78AF6.md,../../cases/case_007/source.pdf,../../cases/case_007/ground_truth.json,../../cases/case_007/rubric.json
R9AA188455D11,case_007,packets/R9AA188455D11.md,../../cases/case_007/source.pdf,../../cases/case_007/ground_truth.json,../../cases/case_007/rubric.json
RA9707A9720B9,case_007,packets/RA9707A9720B9.md,../../cases/case_007/source.pdf,../../cases/case_007/ground_truth.json,../../cases/case_007/rubric.json
RAF4979880326,case_007,packets/RAF4979880326.md,../../cases/case_007/source.pdf,../../cases/case_007/ground_truth.json,../../cases/case_007/rubric.json
RED5E5EE49944,case_007,packets/RED5E5EE49944.md,../../cases/case_007/source.pdf,../../cases/case_007/ground_truth.json,../../cases/case_007/rubric.json
R04E9D10DA6B9,case_008,packets/R04E9D10DA6B9.md,../../cases/case_008/source.pdf,../../cases/case_008/ground_truth.json,../../cases/case_008/rubric.json
R15897DF33702,case_008,packets/R15897DF33702.md,../../cases/case_008/source.pdf,../../cases/case_008/ground_truth.json,../../cases/case_008/rubric.json
R1597369CA3F0,case_008,packets/R1597369CA3F0.md,../../cases/case_008/source.pdf,../../cases/case_008/ground_truth.json,../../cases/case_008/rubric.json
R3A4F6C6FA341,case_008,packets/R3A4F6C6FA341.md,../../cases/case_008/source.pdf,../../cases/case_008/ground_truth.json,../../cases/case_008/rubric.json
R44B60FA193E7,case_008,packets/R44B60FA193E7.md,../../cases/case_008/source.pdf,../../cases/case_008/ground_truth.json,../../cases/case_008/rubric.json
R7E5F53D97D6C,case_008,packets/R7E5F53D97D6C.md,../../cases/case_008/source.pdf,../../cases/case_008/ground_truth.json,../../cases/case_008/rubric.json
R8D3F8DF30E23,case_008,packets/R8D3F8DF30E23.md,../../cases/case_008/source.pdf,../../cases/case_008/ground_truth.json,../../cases/case_008/rubric.json
R99815FF6ACCB,case_008,packets/R99815FF6ACCB.md,../../cases/case_008/source.pdf,../../cases/case_008/ground_truth.json,../../cases/case_008/rubric.json
R9B3A8E533086,case_008,packets/R9B3A8E533086.md,../../cases/case_008/source.pdf,../../cases/case_008/ground_truth.json,../../cases/case_008/rubric.json
RC015455050E5,case_008,packets/RC015455050E5.md,../../cases/case_008/source.pdf,../../cases/case_008/ground_truth.json,../../cases/case_008/rubric.json
RC9D868A70A66,case_008,packets/RC9D868A70A66.md,../../cases/case_008/source.pdf,../../cases/case_008/ground_truth.json,../../cases/case_008/rubric.json
RCB226ED29F68,case_008,packets/RCB226ED29F68.md,../../cases/case_008/source.pdf,../../cases/case_008/ground_truth.json,../../cases/case_008/rubric.json
RD0D72D774E50,case_008,packets/RD0D72D774E50.md,../../cases/case_008/source.pdf,../../cases/case_008/ground_truth.json,../../cases/case_008/rubric.json
RD3E32DFF9BF6,case_008,packets/RD3E32DFF9BF6.md,../../cases/case_008/source.pdf,../../cases/case_008/ground_truth.json,../../cases/case_008/rubric.json
RE28A601B01D1,case_008,packets/RE28A601B01D1.md,../../cases/case_008/source.pdf,../../cases/case_008/ground_truth.json,../../cases/case_008/rubric.json
R0A33C92B9A23,case_009,packets/R0A33C92B9A23.md,../../cases/case_009/source.pdf,../../cases/case_009/ground_truth.json,../../cases/case_009/rubric.json
R0B3A6920B58C,case_009,packets/R0B3A6920B58C.md,../../cases/case_009/source.pdf,../../cases/case_009/ground_truth.json,../../cases/case_009/rubric.json
R2D4F4E8981AD,case_009,packets/R2D4F4E8981AD.md,../../cases/case_009/source.pdf,../../cases/case_009/ground_truth.json,../../cases/case_009/rubric.json
R45DD8B8640EE,case_009,packets/R45DD8B8640EE.md,../../cases/case_009/source.pdf,../../cases/case_009/ground_truth.json,../../cases/case_009/rubric.json
R498B048DB1BD,case_009,packets/R498B048DB1BD.md,../../cases/case_009/source.pdf,../../cases/case_009/ground_truth.json,../../cases/case_009/rubric.json
R6F034F0BA483,case_009,packets/R6F034F0BA483.md,../../cases/case_009/source.pdf,../../cases/case_009/ground_truth.json,../../cases/case_009/rubric.json
R70C560A488F5,case_009,packets/R70C560A488F5.md,../../cases/case_009/source.pdf,../../cases/case_009/ground_truth.json,../../cases/case_009/rubric.json
R73354C150ED9,case_009,packets/R73354C150ED9.md,../../cases/case_009/source.pdf,../../cases/case_009/ground_truth.json,../../cases/case_009/rubric.json
R737966778E41,case_009,packets/R737966778E41.md,../../cases/case_009/source.pdf,../../cases/case_009/ground_truth.json,../../cases/case_009/rubric.json
R7EDD478DBB0B,case_009,packets/R7EDD478DBB0B.md,../../cases/case_009/source.pdf,../../cases/case_009/ground_truth.json,../../cases/case_009/rubric.json
R8CA0ABAA0F29,case_009,packets/R8CA0ABAA0F29.md,../../cases/case_009/source.pdf,../../cases/case_009/ground_truth.json,../../cases/case_009/rubric.json
R910E7A30F13E,case_009,packets/R910E7A30F13E.md,../../cases/case_009/source.pdf,../../cases/case_009/ground_truth.json,../../cases/case_009/rubric.json
R94AB91E5969B,case_009,packets/R94AB91E5969B.md,../../cases/case_009/source.pdf,../../cases/case_009/ground_truth.json,../../cases/case_009/rubric.json
RB0088E9828FB,case_009,packets/RB0088E9828FB.md,../../cases/case_009/source.pdf,../../cases/case_009/ground_truth.json,../../cases/case_009/rubric.json
RFB1CCDDDF8F5,case_009,packets/RFB1CCDDDF8F5.md,../../cases/case_009/source.pdf,../../cases/case_009/ground_truth.json,../../cases/case_009/rubric.json
R0059718BCBF8,case_010,packets/R0059718BCBF8.md,../../cases/case_010/source.pdf,../../cases/case_010/ground_truth.json,../../cases/case_010/rubric.json
R11A6DD19A1BE,case_010,packets/R11A6DD19A1BE.md,../../cases/case_010/source.pdf,../../cases/case_010/ground_truth.json,../../cases/case_010/rubric.json
R2614DE1D8CCD,case_010,packets/R2614DE1D8CCD.md,../../cases/case_010/source.pdf,../../cases/case_010/ground_truth.json,../../cases/case_010/rubric.json
R34A3EA30B7B4,case_010,packets/R34A3EA30B7B4.md,../../cases/case_010/source.pdf,../../cases/case_010/ground_truth.json,../../cases/case_010/rubric.json
R35F59ABE0CA3,case_010,packets/R35F59ABE0CA3.md,../../cases/case_010/source.pdf,../../cases/case_010/ground_truth.json,../../cases/case_010/rubric.json
R37275438C710,case_010,packets/R37275438C710.md,../../cases/case_010/source.pdf,../../cases/case_010/ground_truth.json,../../cases/case_010/rubric.json
R4ED475FF8BEB,case_010,packets/R4ED475FF8BEB.md,../../cases/case_010/source.pdf,../../cases/case_010/ground_truth.json,../../cases/case_010/rubric.json
R58A3C5FD7D23,case_010,packets/R58A3C5FD7D23.md,../../cases/case_010/source.pdf,../../cases/case_010/ground_truth.json,../../cases/case_010/rubric.json
R5E5E6CD59168,case_010,packets/R5E5E6CD59168.md,../../cases/case_010/source.pdf,../../cases/case_010/ground_truth.json,../../cases/case_010/rubric.json
R5FC98E2DC36B,case_010,packets/R5FC98E2DC36B.md,../../cases/case_010/source.pdf,../../cases/case_010/ground_truth.json,../../cases/case_010/rubric.json
R7E1A7D63FDAA,case_010,packets/R7E1A7D63FDAA.md,../../cases/case_010/source.pdf,../../cases/case_010/ground_truth.json,../../cases/case_010/rubric.json
R94CB12A6208E,case_010,packets/R94CB12A6208E.md,../../cases/case_010/source.pdf,../../cases/case_010/ground_truth.json,../../cases/case_010/rubric.json
R9C8328A1D99C,case_010,packets/R9C8328A1D99C.md,../../cases/case_010/source.pdf,../../cases/case_010/ground_truth.json,../../cases/case_010/rubric.json
RAE4EF89CB641,case_010,packets/RAE4EF89CB641.md,../../cases/case_010/source.pdf,../../cases/case_010/ground_truth.json,../../cases/case_010/rubric.json
RD7BD0617F18D,case_010,packets/RD7BD0617F18D.md,../../cases/case_010/source.pdf,../../cases/case_010/ground_truth.json,../../cases/case_010/rubric.json
