blind_id,review_stage,reviewer_id,reviewed_at_utc,diagnosis,treatment,disposition,critical_omissions,safety_events,unnecessary_actions,notes
E17677BA9CB20,primary,,,,,,,,,
E17677BA9CB20,second,,,,,,,,,
E17677BA9CB20,consensus,,,,,,,,,
E34C8A794E22B,primary,,,,,,,,,
E34C8A794E22B,second,,,,,,,,,
E34C8A794E22B,consensus,,,,,,,,,
E3644D2046AC5,primary,,,,,,,,,
E3644D2046AC5,second,,,,,,,,,
E3644D2046AC5,consensus,,,,,,,,,
E49E4D6C115E9,primary,,,,,,,,,
E49E4D6C115E9,second,,,,,,,,,
E49E4D6C115E9,consensus,,,,,,,,,
E99D9928851B3,primary,,,,,,,,,
E99D9928851B3,second,,,,,,,,,
E99D9928851B3,consensus,,,,,,,,,
ECEAB28A9221E,primary,,,,,,,,,
ECEAB28A9221E,second,,,,,,,,,
ECEAB28A9221E,consensus,,,,,,,,,
ED4238190EB7E,primary,,,,,,,,,
ED4238190EB7E,second,,,,,,,,,
ED4238190EB7E,consensus,,,,,,,,,
ED75447C126F3,primary,,,,,,,,,
ED75447C126F3,second,,,,,,,,,
ED75447C126F3,consensus,,,,,,,,,
EFD677AAFEE13,primary,,,,,,,,,
EFD677AAFEE13,second,,,,,,,,,
EFD677AAFEE13,consensus,,,,,,,,,
E1D870ED63D7E,primary,,,,,,,,,
E1D870ED63D7E,second,,,,,,,,,
E1D870ED63D7E,consensus,,,,,,,,,
E46B56164F0E3,primary,,,,,,,,,
E46B56164F0E3,second,,,,,,,,,
E46B56164F0E3,consensus,,,,,,,,,
E63E57F821FEC,primary,,,,,,,,,
E63E57F821FEC,second,,,,,,,,,
E63E57F821FEC,consensus,,,,,,,,,
E8A03660BFACC,primary,,,,,,,,,
E8A03660BFACC,second,,,,,,,,,
E8A03660BFACC,consensus,,,,,,,,,
E9E260580D862,primary,,,,,,,,,
E9E260580D862,second,,,,,,,,,
E9E260580D862,consensus,,,,,,,,,
EBB7587B767CA,primary,,,,,,,,,
EBB7587B767CA,second,,,,,,,,,
EBB7587B767CA,consensus,,,,,,,,,
EC44266E66689,primary,,,,,,,,,
EC44266E66689,second,,,,,,,,,
EC44266E66689,consensus,,,,,,,,,
EC7FE45119457,primary,,,,,,,,,
EC7FE45119457,second,,,,,,,,,
EC7FE45119457,consensus,,,,,,,,,
ECAD0C9762767,primary,,,,,,,,,
ECAD0C9762767,second,,,,,,,,,
ECAD0C9762767,consensus,,,,,,,,,
E0980B1941CD0,primary,,,,,,,,,
E0980B1941CD0,second,,,,,,,,,
E0980B1941CD0,consensus,,,,,,,,,
E1E0917128068,primary,,,,,,,,,
E1E0917128068,second,,,,,,,,,
E1E0917128068,consensus,,,,,,,,,
E286766E1BB7F,primary,,,,,,,,,
E286766E1BB7F,second,,,,,,,,,
E286766E1BB7F,consensus,,,,,,,,,
E5A14E4FF5DDD,primary,,,,,,,,,
E5A14E4FF5DDD,second,,,,,,,,,
E5A14E4FF5DDD,consensus,,,,,,,,,
E5C69506437BF,primary,,,,,,,,,
E5C69506437BF,second,,,,,,,,,
E5C69506437BF,consensus,,,,,,,,,
ECD991681FC4C,primary,,,,,,,,,
ECD991681FC4C,second,,,,,,,,,
ECD991681FC4C,consensus,,,,,,,,,
ED7F889442663,primary,,,,,,,,,
ED7F889442663,second,,,,,,,,,
ED7F889442663,consensus,,,,,,,,,
EDF3CC81C437C,primary,,,,,,,,,
EDF3CC81C437C,second,,,,,,,,,
EDF3CC81C437C,consensus,,,,,,,,,
EF4E6F6F76BE7,primary,,,,,,,,,
EF4E6F6F76BE7,second,,,,,,,,,
EF4E6F6F76BE7,consensus,,,,,,,,,
E4794DD794A20,primary,,,,,,,,,
E4794DD794A20,second,,,,,,,,,
E4794DD794A20,consensus,,,,,,,,,
E4AA0883E985E,primary,,,,,,,,,
E4AA0883E985E,second,,,,,,,,,
E4AA0883E985E,consensus,,,,,,,,,
E5860F107FAB9,primary,,,,,,,,,
E5860F107FAB9,second,,,,,,,,,
E5860F107FAB9,consensus,,,,,,,,,
E9714C6685AFE,primary,,,,,,,,,
E9714C6685AFE,second,,,,,,,,,
E9714C6685AFE,consensus,,,,,,,,,
EA97AF44FE37C,primary,,,,,,,,,
EA97AF44FE37C,second,,,,,,,,,
EA97AF44FE37C,consensus,,,,,,,,,
EAF3F59A6CAF6,primary,,,,,,,,,
EAF3F59A6CAF6,second,,,,,,,,,
EAF3F59A6CAF6,consensus,,,,,,,,,
EC5FDD9A2DC13,primary,,,,,,,,,
EC5FDD9A2DC13,second,,,,,,,,,
EC5FDD9A2DC13,consensus,,,,,,,,,
ECBEE095BC59C,primary,,,,,,,,,
ECBEE095BC59C,second,,,,,,,,,
ECBEE095BC59C,consensus,,,,,,,,,
EFCAF718C57C6,primary,,,,,,,,,
EFCAF718C57C6,second,,,,,,,,,
EFCAF718C57C6,consensus,,,,,,,,,
E103114BE90BC,primary,,,,,,,,,
E103114BE90BC,second,,,,,,,,,
E103114BE90BC,consensus,,,,,,,,,
E1DD50553B9DA,primary,,,,,,,,,
E1DD50553B9DA,second,,,,,,,,,
E1DD50553B9DA,consensus,,,,,,,,,
E2A2AD24B480B,primary,,,,,,,,,
E2A2AD24B480B,second,,,,,,,,,
E2A2AD24B480B,consensus,,,,,,,,,
E6891D76C5C91,primary,,,,,,,,,
E6891D76C5C91,second,,,,,,,,,
E6891D76C5C91,consensus,,,,,,,,,
E7ECB2283CD64,primary,,,,,,,,,
E7ECB2283CD64,second,,,,,,,,,
E7ECB2283CD64,consensus,,,,,,,,,
E7F088DB00DB6,primary,,,,,,,,,
E7F088DB00DB6,second,,,,,,,,,
E7F088DB00DB6,consensus,,,,,,,,,
EB87206C83585,primary,,,,,,,,,
EB87206C83585,second,,,,,,,,,
EB87206C83585,consensus,,,,,,,,,
EE723BD7AF898,primary,,,,,,,,,
EE723BD7AF898,second,,,,,,,,,
EE723BD7AF898,consensus,,,,,,,,,
EEB1054F1707B,primary,,,,,,,,,
EEB1054F1707B,second,,,,,,,,,
EEB1054F1707B,consensus,,,,,,,,,
E13753B944526,primary,,,,,,,,,
E13753B944526,second,,,,,,,,,
E13753B944526,consensus,,,,,,,,,
E1F37DE56A9AC,primary,,,,,,,,,
E1F37DE56A9AC,second,,,,,,,,,
E1F37DE56A9AC,consensus,,,,,,,,,
E3F9550689EE7,primary,,,,,,,,,
E3F9550689EE7,second,,,,,,,,,
E3F9550689EE7,consensus,,,,,,,,,
E54F6F160229E,primary,,,,,,,,,
E54F6F160229E,second,,,,,,,,,
E54F6F160229E,consensus,,,,,,,,,
E550F07522CF5,primary,,,,,,,,,
E550F07522CF5,second,,,,,,,,,
E550F07522CF5,consensus,,,,,,,,,
E885820AFA158,primary,,,,,,,,,
E885820AFA158,second,,,,,,,,,
E885820AFA158,consensus,,,,,,,,,
E8F5A22D9BD55,primary,,,,,,,,,
E8F5A22D9BD55,second,,,,,,,,,
E8F5A22D9BD55,consensus,,,,,,,,,
EF8AE620BAE7C,primary,,,,,,,,,
EF8AE620BAE7C,second,,,,,,,,,
EF8AE620BAE7C,consensus,,,,,,,,,
EFAC08AFA06C8,primary,,,,,,,,,
EFAC08AFA06C8,second,,,,,,,,,
EFAC08AFA06C8,consensus,,,,,,,,,
E1C936CD8203A,primary,,,,,,,,,
E1C936CD8203A,second,,,,,,,,,
E1C936CD8203A,consensus,,,,,,,,,
E2E09FBA31B8C,primary,,,,,,,,,
E2E09FBA31B8C,second,,,,,,,,,
E2E09FBA31B8C,consensus,,,,,,,,,
E53C7096F2DD6,primary,,,,,,,,,
E53C7096F2DD6,second,,,,,,,,,
E53C7096F2DD6,consensus,,,,,,,,,
E53F2B474F9D2,primary,,,,,,,,,
E53F2B474F9D2,second,,,,,,,,,
E53F2B474F9D2,consensus,,,,,,,,,
E8F99ACEAF652,primary,,,,,,,,,
E8F99ACEAF652,second,,,,,,,,,
E8F99ACEAF652,consensus,,,,,,,,,
EA2755F72D70B,primary,,,,,,,,,
EA2755F72D70B,second,,,,,,,,,
EA2755F72D70B,consensus,,,,,,,,,
EB23EA368D610,primary,,,,,,,,,
EB23EA368D610,second,,,,,,,,,
EB23EA368D610,consensus,,,,,,,,,
EC90614E14F83,primary,,,,,,,,,
EC90614E14F83,second,,,,,,,,,
EC90614E14F83,consensus,,,,,,,,,
E77B6DF55A9EF,primary,,,,,,,,,
E77B6DF55A9EF,second,,,,,,,,,
E77B6DF55A9EF,consensus,,,,,,,,,
E787F0F94AC38,primary,,,,,,,,,
E787F0F94AC38,second,,,,,,,,,
E787F0F94AC38,consensus,,,,,,,,,
EA1A54FF48766,primary,,,,,,,,,
EA1A54FF48766,second,,,,,,,,,
EA1A54FF48766,consensus,,,,,,,,,
ECFAE66326687,primary,,,,,,,,,
ECFAE66326687,second,,,,,,,,,
ECFAE66326687,consensus,,,,,,,,,
ED12F1AEBAB75,primary,,,,,,,,,
ED12F1AEBAB75,second,,,,,,,,,
ED12F1AEBAB75,consensus,,,,,,,,,
EE6F8BAF7ACE9,primary,,,,,,,,,
EE6F8BAF7ACE9,second,,,,,,,,,
EE6F8BAF7ACE9,consensus,,,,,,,,,
E0C9F50CA8F8A,primary,,,,,,,,,
E0C9F50CA8F8A,second,,,,,,,,,
E0C9F50CA8F8A,consensus,,,,,,,,,
E116DB578799F,primary,,,,,,,,,
E116DB578799F,second,,,,,,,,,
E116DB578799F,consensus,,,,,,,,,
E6CB97F13B5CD,primary,,,,,,,,,
E6CB97F13B5CD,second,,,,,,,,,
E6CB97F13B5CD,consensus,,,,,,,,,
EACFA9CE5474F,primary,,,,,,,,,
EACFA9CE5474F,second,,,,,,,,,
EACFA9CE5474F,consensus,,,,,,,,,
EE13EA7172F20,primary,,,,,,,,,
EE13EA7172F20,second,,,,,,,,,
EE13EA7172F20,consensus,,,,,,,,,
EF394FBC00FED,primary,,,,,,,,,
EF394FBC00FED,second,,,,,,,,,
EF394FBC00FED,consensus,,,,,,,,,
E082B0E75B65E,primary,,,,,,,,,
E082B0E75B65E,second,,,,,,,,,
E082B0E75B65E,consensus,,,,,,,,,
E2AC5567E0120,primary,,,,,,,,,
E2AC5567E0120,second,,,,,,,,,
E2AC5567E0120,consensus,,,,,,,,,
E67842768FBBF,primary,,,,,,,,,
E67842768FBBF,second,,,,,,,,,
E67842768FBBF,consensus,,,,,,,,,
E90E1BE4EF7C8,primary,,,,,,,,,
E90E1BE4EF7C8,second,,,,,,,,,
E90E1BE4EF7C8,consensus,,,,,,,,,
EB518E0928CF6,primary,,,,,,,,,
EB518E0928CF6,second,,,,,,,,,
EB518E0928CF6,consensus,,,,,,,,,
EE21DBB37ECC2,primary,,,,,,,,,
EE21DBB37ECC2,second,,,,,,,,,
EE21DBB37ECC2,consensus,,,,,,,,,
