condition,case_id,kind,judge_correct,proposal_correct,failure_reason,diagnosis,confidence_self_reported,unconfirmed,next_steps,openrouter_api_usd,openrouter_deployment_usd,api_input_tokens,api_output_tokens,cli_input_tokens,cli_output_tokens,cli_cache_input_tokens,cli_cache_write_tokens,exam_relative_units,commit,trace,trace_sha256
original_v4_sol,case_001,encounter,True,True,,"Probable MRSA coronary stent infection causing an infected coronary pseudoaneurysm with stent disruption and associated purulent pericarditis, producing cardiac tamponade and shock.",,,,0.01788875,0.00722275,22296,1988,157148,3984,0,0,26,25471d1e13eeff8ba03db2115cd8591581288162,runs/v4/sol/run1/logs/raw/gpt-6.1-sol/case_001.jsonl,bc791bbc2ca83e75547fe53322ea07dd849d13d4b5e17d4a4debeddb76c48c12
original_v4_sol,case_002,encounter,False,False,,"Atrial standstill with complete atrioventricular block and a slow junctional escape rhythm, causing symptomatic bradycardia and contributing to predominantly right-sided heart failure; the underlying atrial disease remains unconfirmed.",,,,0.01371400,0.00274800,9215,1210,149826,3379,0,0,27,25471d1e13eeff8ba03db2115cd8591581288162,runs/v4/sol/run1/logs/raw/gpt-6.1-sol/case_002.jsonl,fc5de670687b9c934912e46995e988967911fbd6a5bfcede9dc575b800b33aae
original_v4_sol,case_003,encounter,True,True,,"Intraperitoneal rupture of a MAINZ urinary pouch with urinary leakage into the peritoneum, most likely precipitated by impaired catheter drainage and reservoir overdistension.",,,,0.01535050,0.00439650,13793,1545,154410,3503,15360,0,22,70c794029e7af60025616f11ee563813aed098ac,runs/v4/sol/run1/logs/raw/gpt-6.1-sol/case_003.jsonl,16e52d7f487869b72921b6f91125564bd540b9326330db12b8860650e20c6dc1
original_v4_sol,case_004,encounter,True,False,,Biopsy-confirmed extensive-stage small cell lung carcinoma with recurrent cancer-associated right pleural effusion and severe right-middle-lobe bronchial narrowing contributing to dyspnea.,,,,0.01648675,0.00418275,11933,1825,241848,3534,38144,0,31,70c794029e7af60025616f11ee563813aed098ac,runs/v4/sol/run1/logs/raw/gpt-6.1-sol/case_004.jsonl,8bee3731e3c7babf25a71d5ac8903e48b7b7dc1c5e45e0da3dc8b66805bf5378
original_v4_sol,case_005,encounter,True,True,,"Malignant melanoma involving the left pleura, with an unidentified primary site, causing a malignant pleural effusion and contributing to hypoxemic respiratory failure.",,,,0.01243150,0.00459750,14549,1293,196712,3375,33408,0,11,70c794029e7af60025616f11ee563813aed098ac,runs/v4/sol/run1/logs/raw/gpt-6.1-sol/case_005.jsonl,ce6a7ebac6685251f3a0ce9639273354d06939d33b2477c8dbe9685993103411
original_v4_sol,case_006,encounter,True,True,,Primary adrenal insufficiency (Addison disease) caused by bilateral tuberculous adrenalitis with granulomatous adrenal destruction.,,,,0.01060875,0.00368475,11535,1111,187467,3217,7552,0,35,70c794029e7af60025616f11ee563813aed098ac,runs/v4/sol/run1/logs/raw/gpt-6.1-sol/case_006.jsonl,1e6bddab8190bc63d3385a032cff7325a1d5e0943ca695b0c7c3a591ad15f01d
original_v4_sol,case_007,encounter,True,True,,Pembrolizumab-associated autoimmune hemolytic anemia causing profound anemia and predominantly unconjugated jaundice.,,,,0.00744275,0.00097875,4219,488,197407,3541,34688,0,12,70c794029e7af60025616f11ee563813aed098ac,runs/v4/sol/run1/logs/raw/gpt-6.1-sol/case_007.jsonl,ceaee3584c2edc51c308c771e0e38ed0deee3666897fc9986f7846d59ee5705f
original_v4_sol,case_008,encounter,True,True,,"Spontaneous cervicothoracic spinal epidural hematoma extending from C6 to T2, causing acute spinal cord compression with paraplegia and sphincter dysfunction; the underlying bleeding source is undetermined.",,,,0.008170,0,1265,470,140183,3069,38144,0,17,70c794029e7af60025616f11ee563813aed098ac,runs/v4/sol/run1/logs/raw/gpt-6.1-sol/case_008.jsonl,0aacaceb2906ec0daa23dec479e338b22ef4097c5b2f2a0b6ace279cfb83fa72
original_v4_sol,case_009,encounter,True,True,,"Ileal perforation caused by a migrated biliary stent lodged in a Meckel diverticulum, with purulent peritonitis.",,,,0.00880875,0.00099475,4340,591,111984,2027,27776,0,20,70c794029e7af60025616f11ee563813aed098ac,runs/v4/sol/run1/logs/raw/gpt-6.1-sol/case_009.jsonl,170dffd56eb3db98636e88953f5dbc0030fe31303792c8c66b72f0803a5a0d7b
original_v4_sol,case_010,encounter,True,True,,"Omental abdominal ectopic pregnancy between the spleen and descending colon, with active hemorrhage causing hemoperitoneum.",,,,0.01213875,0.00382075,11552,1315,264753,4272,53632,0,46,70c794029e7af60025616f11ee563813aed098ac,runs/v4/sol/run1/logs/raw/gpt-6.1-sol/case_010.jsonl,d2570037fc8c9cc1c161fdcfb68293f4e15bcd9a12ce8d9b8ffa6d28bd5e6803
